design_id,adjective,animal,material
azure-mole-vine,azure,mole,vine
bright-boar-pine,bright,boar,pine
lunar-bat-bronze,lunar,bat,bronze
swift-heron-plume,swift,heron,plume
quiet-lion-clay,quiet,lion,clay
crimson-vole-birch,crimson,vole,birch
quiet-mole-onyx,quiet,mole,onyx
hollow-bear-dust,hollow,bear,dust
hollow-jaguar-bronze,hollow,jaguar,bronze
mellow-raven-ivy,mellow,raven,ivy
rough-ibis-orchid,rough,ibis,orchid
strong-vole-snow,strong,vole,snow
quick-panda-wave,quick,panda,wave
hollow-quail-frost,hollow,quail,frost
strong-falcon-ice,strong,falcon,ice
gentle-panda-moss,gentle,panda,moss
quick-eagle-ash,quick,eagle,ash
silent-raven-plume,silent,raven,plume
quiet-quail-ivy,quiet,quail,ivy
vast-ibis-cypress,vast,ibis,cypress
frozen-jaguar-onyx,frozen,jaguar,onyx
hollow-gecko-plume,hollow,gecko,plume
lunar-shark-pine,lunar,shark,pine
mellow-fox-vine,mellow,fox,vine
soft-owl-wave,soft,owl,wave
violet-mole-ruby,violet,mole,ruby
jade-hawk-iron,jade,hawk,iron
radiant-cobra-wave,radiant,cobra,wave
pale-swan-willow,pale,swan,willow
solid-vole-frost,solid,vole,frost
young-swan-jade,young,swan,jade
noble-deer-willow,noble,deer,willow
bright-cat-dust,bright,cat,dust
noble-tiger-stone,noble,tiger,stone
bright-goat-ruby,bright,goat,ruby
ivory-wolf-fern,ivory,wolf,fern
young-tiger-granite,young,tiger,granite
rapid-heron-reed,rapid,heron,reed
strong-gecko-reed,strong,gecko,reed
silent-zebra-plume,silent,zebra,plume
silent-cobra-frost,silent,cobra,frost
small-panther-lava,small,panther,lava
silver-heron-pine,silver,heron,pine
brisk-kiwi-snow,brisk,kiwi,snow
radiant-seal-opal,radiant,seal,opal
strong-mole-cloud,strong,mole,cloud
quiet-heron-rose,quiet,heron,rose
quiet-orca-jade,quiet,orca,jade
silent-lynx-lotus,silent,lynx,lotus
wild-mole-iron,wild,mole,iron
rough-eagle-flint,rough,eagle,flint
green-eagle-maple,green,eagle,maple
deep-vole-orchid,deep,vole,orchid
rough-lynx-pearl,rough,lynx,pearl
noble-lion-ember,noble,lion,ember
radiant-cobra-granite,radiant,cobra,granite
pale-eagle-oak,pale,eagle,oak
shy-lion-vine,shy,lion,vine
deep-heron-rose,deep,heron,rose
bright-lion-oak,bright,lion,oak
small-kiwi-sand,small,kiwi,sand
noble-gecko-marble,noble,gecko,marble
deep-orca-granite,deep,orca,granite
calm-zebra-stone,calm,zebra,stone
violet-quail-cloud,violet,quail,cloud
lunar-dove-ash,lunar,dove,ash
vast-deer-granite,vast,deer,granite
vast-vole-crystal,vast,vole,crystal
vast-eagle-ivy,vast,eagle,ivy
quiet-ibis-cedar,quiet,ibis,cedar
hollow-ram-flint,hollow,ram,flint
misty-quail-marble,misty,quail,marble
lunar-mole-fern,lunar,mole,fern
scarlet-raven-maple,scarlet,raven,maple
golden-ox-vine,golden,ox,vine
bright-swan-oak,bright,swan,oak
deep-crow-ivy,deep,crow,ivy
swift-crane-ember,swift,crane,ember
steady-cat-jade,steady,cat,jade
shy-panda-lotus,shy,panda,lotus
silent-swan-jade,silent,swan,jade
crimson-lynx-ice,crimson,lynx,ice
lunar-lynx-plume,lunar,lynx,plume
misty-bison-lava,misty,bison,lava
swift-toad-fern,swift,toad,fern
radiant-shark-birch,radiant,shark,birch
brisk-bee-moss,brisk,bee,moss
brisk-heron-thorn,brisk,heron,thorn
misty-bee-stone,misty,bee,stone
jade-lynx-cypress,jade,lynx,cypress
dark-ibis-topaz,dark,ibis,topaz
gentle-tiger-jade,gentle,tiger,jade
violet-ox-birch,violet,ox,birch
quick-jaguar-birch,quick,jaguar,birch
jade-panda-willow,jade,panda,willow
quiet-dove-sand,quiet,dove,sand
misty-moth-oak,misty,moth,oak
mellow-cat-ice,mellow,cat,ice
dark-vole-cypress,dark,vole,cypress
crimson-lynx-flint,crimson,lynx,flint
strong-jaguar-pine,strong,jaguar,pine
dark-quail-pine,dark,quail,pine
jade-kiwi-thorn,jade,kiwi,thorn
scarlet-ox-pearl,scarlet,ox,pearl
steady-eagle-moss,steady,eagle,moss
lunar-lynx-rose,lunar,lynx,rose
dark-gecko-clay,dark,gecko,clay
ivory-shark-crystal,ivory,shark,crystal
quiet-tiger-vine,quiet,tiger,vine
shy-moth-ruby,shy,moth,ruby
swift-jaguar-clay,swift,jaguar,clay
dark-ant-crystal,dark,ant,crystal
ivory-bison-pearl,ivory,bison,pearl
calm-bee-dust,calm,bee,dust
deep-lynx-iron,deep,lynx,iron
pale-vole-quartz,pale,vole,quartz
